1,John Doe,28,<item><id>1</id><value>100</value></item>,Active
2,Jane Smith,34,<item><id>2</id><value>200</value></item>,Pending
3,Bob Johnson,45,<item><id>3</id><value>300</value></item>,Inactive
4,Alice Williams,22,<item><id>4</id><value>400</value></item>,Active
5,Tom Brown,31,<item><id>5</id><value>500</value></item>,Pending
6,Lucy Green,27,<item><id>6</id><value>600</value></item>,Active
7,Mark White,38,<item><id>7</id><value>700</value></item>,Inactive
8,Emma Black,29,<item><id>8</id><value>800</value></item>,Active
9,David Gray,41,<item><id>9</id><value>900</value></item>,Pending
10,Sarah Blue,35,<item><id>10</id><value>1000</value></item>,Inactive
11,Peter Yellow,42,<item><id>11</id><value>1100</value></item>,Active
12,Laura Purple,30,<item><id>12</id><value>1200</value></item>,Pending
13,Chris Orange,39,<item><id>13</id><value>1300</value></item>,Inactive
14,Nina Pink,26,<item><id>14</id><value>1400</value></item>,Active
15,George Red,33,<item><id>15</id><value>1500</value></item>,Pending